entry_epoch,exit_epoch,side,entry_price,exit_price,atr_at_entry,initial_stop,trail_activated_epoch,exit_reason,r_multiple,mae_r,mfe_r,bars_held
1754716500,1754719200,long,116930.412,116521.458,165.493372,116682.1719,,stop,-1.6474,-1.6474,0.0012,3
1754770500,1754774100,long,116691.467,116365.3,135.971469,116487.5098,,stop,-1.5992,-1.674,1.4607,4
1754793000,1754802000,long,116990.112,118227.588,137.320885,116784.1307,1754793900,trail,6.0077,0.0,8.4028,10
1754961300,1754976600,long,119004.809,118439.731,304.109181,118548.6452,,stop,-1.2388,-1.376,0.5319,17
1755072000,1755096300,long,119752.285,120880.298,261.04475,119360.7179,1755079200,trail,2.8808,-0.2357,6.2935,27
1755168300,1755181800,short,120952.543,119011.517,323.965887,121438.4918,1755174600,trail,3.9943,-0.3879,7.2355,15
1755262800,1755279000,short,118429.977,117691.75,251.302007,118806.93,1755264600,trail,1.9584,-0.3314,4.4754,18
1755557100,1755598500,short,116342.202,115451.289,259.489809,116731.4367,1755562500,trail,2.2889,-0.8878,5.2302,46
1755610200,1755659700,short,115072.774,113567.439,258.268584,115460.1769,1755612900,trail,3.8857,-0.6611,6.6408,55
1755689400,1755690300,short,113133.788,113627.523,211.655314,113451.271,,stop,-1.5552,-1.5552,0.179,1
1755761400,1755766800,long,113817.839,113414.451,226.674593,113477.8271,,stop,-1.1864,-1.3252,0.3818,6
1755914400,1755992700,short,116180.759,115377.082,243.357395,116545.7951,1755918900,trail,2.2016,-0.1595,4.5769,87
1756000800,1756002600,long,115579.134,115167.652,147.43386,115357.9832,,stop,-1.8606,-2.0156,0.0102,2
1756304100,1756321200,long,112141.376,111623.983,326.402271,111651.7726,,stop,-1.0568,-1.4007,0.8728,19
1756390500,1756392300,short,112591.218,113115.286,268.024474,112993.2547,,stop,-1.3035,-1.6898,0.2589,2
1756426500,1756427400,long,112547.4,112184.328,217.90255,112220.5462,,stop,-1.1108,-1.1999,0.048,1
1756448100,1756468800,short,110978.679,110223.919,212.506708,111297.4391,1756450800,trail,2.3678,-0.9054,5.0779,23
1756518300,1756521000,short,107401.871,107897.956,260.103049,107792.0256,,stop,-1.2715,-1.2998,0.1592,3
1756567800,1756585800,long,108867.062,108579.805,169.101609,108613.4096,,stop,-1.1325,-1.3425,0.0,20
1756604700,1756612800,long,109380.087,108971.985,149.703448,109155.5318,,stop,-1.8174,-1.8424,0.0662,9
1756758600,1756759500,short,108420.906,108839.704,255.119355,108803.585,,stop,-1.0944,-1.0951,0.4976,1
1756814400,1756819800,short,109364.55,110444.89,265.367579,109762.6014,1756816200,trail,-2.7141,-2.8618,2.5921,6
1756858500,1756861200,long,111587.717,111167.526,269.596022,111183.323,,stop,-1.0391,-1.2486,0.1131,3
1756862100,1756865700,short,110928.811,111332.143,266.264906,111328.2084,,stop,-1.0099,-1.0951,0.2156,4
1756865700,1756870200,long,111332.143,110900.926,273.578053,110921.7759,,stop,-1.0508,-1.1901,0.2699,5
1756944900,1756952100,long,111956.1,111391.779,219.611125,111626.6833,,stop,-1.7131,-1.7131,0.5486,8
1756972800,1756994400,long,110621.158,109761.611,216.891887,110295.8202,1756980000,trail,-2.642,-2.841,1.5027,24
1757055600,1757063700,long,112290.419,112183.042,234.342886,111938.9047,1757056500,trail,-0.3055,-0.402,1.8738,9
1757076300,1757080800,long,113159.549,112194.451,332.63953,112660.5897,,stop,-1.9342,-2.0429,0.2049,5
1757172600,1757205900,short,110559.912,110305.385,103.725527,110715.5003,1757173500,trail,1.6359,-0.0,4.058,37
1757207700,1757265300,long,110448.869,110928.373,97.652847,110302.3897,1757213100,trail,3.2735,-0.3739,6.2636,64
1757368800,1757373300,long,112385.85,112075.062,184.014364,112109.8285,,stop,-1.126,-1.1503,0.0916,5
1757376900,1757391300,short,111621.253,111917.004,185.29602,111899.197,1757380500,trail,-1.0641,-1.6267,2.0216,16
1757412900,1757450700,short,112658.696,111487.549,202.922451,112963.0797,1757427300,trail,3.8476,-0.786,6.386,42
1757465100,1757470500,short,110971.283,111301.956,205.592861,111279.6723,,stop,-1.0723,-1.4894,0.3733,6
1757484900,1757494800,long,111712.475,112152.58,202.779177,111408.3062,1757488500,trail,1.4469,-0.2615,3.6476,11
1757506500,1757528100,long,112541.15,113347.35,203.286125,112236.2208,1757507400,trail,2.6439,-0.0001,5.7284,24
1757562300,1757566800,long,114354.331,114055.05,192.439235,114065.6721,,stop,-1.0368,-1.1569,0.0179,5
1757595600,1757597400,short,113433.82,113866.59,261.963282,113826.7649,,stop,-1.1014,-1.7689,0.1872,2
1757628900,1757641500,long,114992.542,115329.471,198.912612,114694.1731,1757631600,trail,1.1292,-0.3868,4.2982,14
1757811600,1757813400,short,115702.268,115899.836,107.374599,115863.3299,,stop,-1.2267,-1.228,0.1169,2
1757997900,1758020400,long,115458.605,115203.106,216.992783,115133.1158,1757998800,trail,-0.785,-0.9016,1.5653,25
1758031200,1758036600,short,114952.369,115310.117,225.944962,115291.2864,,stop,-1.0556,-1.0728,0.2601,6
1758064500,1758087900,short,116684.491,117075.436,193.318993,116974.4695,1758080700,trail,-1.3482,-1.7146,1.9908,26
1758115800,1758130200,short,115946.718,115979.25,180.88704,116218.0486,1758118500,trail,-0.1199,-1.1213,2.2884,16
1758204900,1758208500,long,117638.957,117280.836,235.427658,117285.8155,,stop,-1.0141,-1.0708,0.3518,4
1758223800,1758227400,short,117237.396,117599.261,213.044512,117556.9628,,stop,-1.1324,-1.1545,0.3012,4
1758236400,1758239100,short,116714.699,117016.5,198.854967,117012.9815,,stop,-1.0118,-1.3374,0.4436,3
1758240900,1758254400,long,117171.401,116709.305,200.407774,116870.7893,,stop,-1.5372,-1.7887,0.7832,15
1758254400,1758269700,short,116709.305,117033.689,190.109496,116994.4692,,stop,-1.1375,-1.197,0.4915,16
1758434400,1758437100,long,115740.009,115633.35,66.889801,115639.6743,,stop,-1.063,-1.0798,0.0429,3
1758440700,1758441600,long,115773.139,115601.05,70.571716,115667.2814,,stop,-1.6257,-1.6296,0.0532,1
1758593700,1758602700,short,111966.682,112377.785,232.971725,112316.1396,,stop,-1.1764,-1.3161,1.5068,10
1758638700,1758675600,short,112602.239,112275.292,227.028931,112942.7824,1758648600,trail,0.9601,-1.2011,3.4905,41
1758679200,1758688200,short,112115.79,112186.388,209.655429,112430.2731,1758683700,trail,-0.2245,-0.7023,3.5948,10
1758724200,1758756600,long,113331.935,113169.905,199.187694,113033.1535,1758725100,trail,-0.5423,-0.7518,1.8873,36
1758759300,1758809700,short,113082.101,111458.329,193.202349,113371.9045,1758763800,trail,5.603,-0.8319,8.6631,56
1758865500,1758877200,short,109202.516,109627.185,255.748839,109586.1393,,stop,-1.107,-1.107,0.9422,13
1759018500,1759020300,long,109727.192,109556.398,95.605802,109583.7833,,stop,-1.191,-1.5743,0.0735,2
1759041000,1759058100,long,109386.85,109224.373,84.257327,109260.464,1759051800,trail,-1.2856,-1.5571,1.2527,19
1759217400,1759239000,short,113583.976,113470.196,181.840293,113856.7364,1759222800,trail,0.4171,-0.6268,3.5514,24
1759306500,1759339800,long,115035.049,117112.754,234.425871,114683.4102,1759307400,trail,5.9086,-0.0006,8.9424,37
1759411800,1759415400,long,119465.954,118952.933,238.091878,119108.8162,,stop,-1.4365,-1.5566,0.7883,4
1759471200,1759476600,long,120009.458,119619.85,215.637617,119686.0016,,stop,-1.2045,-1.297,0.0326,6
1759482000,1759509900,long,120038.321,122511.992,210.907701,119721.9594,1759486500,trail,7.8191,-0.6888,12.1642,31
1759557600,1759612500,short,122360.15,122287.859,204.271716,122666.5576,1759575600,trail,0.2359,-0.6274,2.9469,61
1759630500,1759648500,long,122798.068,124741.55,162.822489,122553.8343,1759631400,trail,7.9575,-0.0266,12.2993,20
1759701600,1759726800,long,122868.366,123269.88,258.633756,122480.4154,1759705200,trail,1.035,-0.0243,3.7642,28
1759749300,1759781700,long,124323.129,125087.64,265.621887,123924.6962,1759756500,trail,1.9188,-0.7043,4.671,36
1759802400,1759835700,short,124532.36,124318.895,265.882811,124931.1842,1759806900,trail,0.5352,-0.2398,3.1851,37
1759843800,1759867200,short,123715.861,121989.335,305.832439,124174.6097,1759845600,trail,3.7636,-0.4854,6.9747,26
1759930200,1759931100,short,121836.728,122549.122,345.603507,122355.1333,,stop,-1.3742,-1.4916,0.4359,1
1759997700,1760000400,short,121140.215,121552.354,269.539107,121544.5237,,stop,-1.0194,-1.2098,0.1345,3
1760085900,1760105700,long,121569.079,121165.07,259.603854,121179.6732,1760103000,trail,-1.0375,-1.2689,2.2619,22
1760213700,1760238900,short,110570.315,110910.131,365.602649,111118.719,1760216400,trail,-0.6196,-1.4129,1.9226,28
1760354100,1760356800,short,113626.07,114319.458,357.570974,114162.4265,,stop,-1.2928,-1.5189,0.027,3
1760494500,1760496300,long,113505.557,112762.186,403.795622,112899.8636,,stop,-1.2273,-1.2444,0.1085,2
1760530500,1760553900,short,111421.593,111372.275,368.85775,111974.8796,1760540400,trail,0.0891,-1.3516,2.3885,26
1760584500,1760589000,long,111674.319,110935.67,361.281563,111132.3967,,stop,-1.363,-1.4574,0.0003,5
1760589000,1760597100,short,110935.67,111605.722,365.42375,111483.8056,,stop,-1.2224,-1.3274,0.4911,9
1760607000,1760623200,long,111145.077,110153.358,450.956145,110468.6428,,stop,-1.4661,-1.4925,1.2036,18
1760682600,1760698800,short,106965.028,105791.285,360.877332,107506.344,1760684400,trail,2.1683,-0.3267,6.4464,18
1760863500,1760866200,short,106400.869,106923.407,211.93489,106718.7713,,stop,-1.6437,-2.4565,1.0338,3
1760957100,1760969700,short,110695.847,111217.45,289.171804,111129.6047,,stop,-1.2025,-1.2025,0.3712,14
1760969700,1760977800,long,111217.45,110427.916,288.624484,110784.5133,,stop,-1.8237,-1.9838,0.9895,9
1761011100,1761043500,short,109803.832,108449.814,289.73341,110238.4321,1761018300,trail,3.1155,-0.143,5.4982,36
1761133500,1761136200,short,107501.464,108130.264,362.133237,108044.6639,,stop,-1.1576,-1.5254,0.2065,3
1761200100,1761205500,long,109823.059,109228.588,332.4183,109324.4315,,stop,-1.1922,-1.3127,0.8506,6
1761226200,1761248700,long,109330.133,110138.635,330.666979,108834.1325,1761234300,trail,1.63,-1.3015,3.8512,25
1761280200,1761312600,long,111083.443,110621.016,291.823336,110645.708,,stop,-1.0564,-1.2508,2.1741,36
1761408000,1761416100,short,111195.961,111556.047,161.297488,111437.9072,,stop,-1.4883,-1.5141,0.1058,9
1761454800,1761494400,long,111436.551,113407.267,127.11056,111245.8852,1761464700,trail,10.336,-0.1135,13.3475,44
1761568200,1761583500,short,115040.5,115438.538,241.40024,115402.6004,,stop,-1.0992,-1.5353,1.6724,17
1761610500,1761620400,long,114189.95,113675.054,254.306353,113808.4905,,stop,-1.3498,-1.7641,0.8124,11
1761659100,1761661800,long,115470.14,114758.061,239.238696,115111.282,1761660900,trail,-1.9843,-2.7158,1.6231,3
1761734700,1761739200,short,112811.2,113215.875,243.442211,113176.3633,,stop,-1.1082,-1.2893,0.3254,5
1761744600,1761763500,short,112961.973,110750.079,269.10415,113365.6292,1761747300,trail,5.4796,-0.1249,9.6761,21
1761867000,1761929100,long,107887.95,108804.835,410.925228,107271.5622,1761868800,trail,1.4875,-0.0334,5.2929,69
1762033500,1762056000,short,109815.401,110077.687,161.706918,110057.9614,,stop,-1.0813,-1.7274,0.0002,25
1762057800,1762079400,long,110402.002,110352.359,146.222912,110182.6676,1762068600,trail,-0.2263,-0.7858,2.7259,24
1762330500,1762344900,short,101384.064,102468.304,449.6917,102058.6016,,stop,-1.6074,-2.0946,0.3233,16
1762355700,1762391700,long,103312.386,102800.001,477.514514,102596.1142,1762366500,trail,-0.7153,-0.8604,1.6506,40
1762434900,1762438500,long,103449.314,102828.131,345.382996,102931.2395,,stop,-1.199,-1.5243,0.1588,4
1762513200,1762525800,short,100056.336,100711.486,341.228705,100568.1791,,stop,-1.28,-1.28,1.6593,14
1762569900,1762695000,short,102804.485,102753.525,345.788544,103323.1678,1762580700,trail,0.0982,-0.8855,2.7974,139
1762785000,1762796700,short,105608.527,105906.616,291.284015,106045.453,1762785900,trail,-0.6822,-0.7491,2.2624,13
1762873200,1762935300,short,103939.817,103795.864,356.746231,104474.9363,1762877700,trail,0.269,-0.5229,2.813,69
1762938000,1762958700,long,104753.522,103938.978,295.237673,104310.6655,,stop,-1.8393,-2.733,1.1965,23
1763041500,1763071200,short,102281.937,99242.985,364.202485,102828.2407,1763047800,trail,5.5628,-2.132,7.8841,33
1763256600,1763259300,short,94969.953,95626.094,278.266697,95387.353,,stop,-1.572,-1.9177,0.3948,3
1763291700,1763316000,short,95564.255,95152.502,259.141721,95952.9676,1763307900,trail,1.0593,-0.7868,4.7562,27
1763385300,1763389800,short,94530.427,95093.745,308.848779,94993.7002,1763386200,trail,-1.216,-3.1703,2.1757,5
1763478000,1763514000,long,91992.758,91998.173,511.796951,91225.0626,1763480700,trail,0.0071,-0.1045,2.3281,40
1763537400,1763561700,long,91712.895,91085.995,372.002667,91154.891,,stop,-1.1235,-1.2589,0.492,28
1763632800,1763674200,short,91586.231,87552.925,319.18436,92065.0075,1763647200,trail,8.4242,-1.8654,11.5284,46
1763899200,1763939700,long,86561.452,87029.756,257.958875,86174.5137,1763911800,trail,1.2103,-0.7429,3.9501,45
1764294300,1764299700,short,90754.654,91163.155,217.742728,91081.2681,,stop,-1.2507,-1.3682,0.4365,6
1764315000,1764319500,short,91023.776,91621.052,205.786855,91332.4563,,stop,-1.9349,-2.097,0.6446,5
1764440100,1764441900,short,90252.86,90652.849,200.261071,90553.2516,,stop,-1.3316,-1.4425,0.2907,2
1764469800,1764490500,short,90812.755,91104.818,145.128945,91030.4484,1764471600,trail,-1.3416,-2.6343,1.8323,23
1764490500,1764503100,long,91104.818,91001.088,143.85161,90889.0406,1764493200,trail,-0.4807,-1.0109,2.2011,14
1764672300,1764706500,long,87241.972,90922.142,276.81299,86826.7525,1764683100,trail,8.8632,-0.6931,12.0776,38
1764770400,1764771300,short,91980.507,92497.53,341.894893,92493.3493,,stop,-1.0082,-1.0613,0.0397,1
1764858600,1764862200,short,92551.003,93003.333,278.978155,92969.4702,1764859500,trail,-1.0809,-1.5948,1.8779,4
1764927000,1764930600,short,91014.165,91443.39,254.695604,91396.2084,,stop,-1.1235,-1.1401,0.1288,4
1764940500,1764946800,short,90760.103,90994.568,262.923153,91154.4877,1764945000,trail,-0.5945,-1.7096,2.2641,7
1765062000,1765067400,short,89128.776,89455.246,168.122619,89380.9599,,stop,-1.2946,-1.5519,1.0221,6
1765092600,1765096200,short,89206.133,89430.617,142.815638,89420.3565,,stop,-1.0479,-1.3464,0.2699,4
1765205100,1765226700,short,90825.875,90744.499,346.891481,91346.2122,1765206000,trail,0.1564,-0.2696,2.4325,24
1765360800,1765361700,long,92939.928,92415.037,197.765905,92643.2791,,stop,-1.7694,-1.8813,0.0368,1
1765464300,1765465200,short,89529.11,90099.379,280.71549,89950.1832,,stop,-1.3543,-1.5372,0.3925,1
1765551600,1765563300,short,91929.939,90489.498,256.028991,92313.9825,1765552500,trail,3.7507,-0.0255,6.508,13
1765658700,1765670400,short,90058.457,90236.982,95.073851,90201.0678,,stop,-1.2518,-1.3287,2.4056,13
1765686600,1765712700,short,90128.88,89308.061,98.039589,90275.9394,1765704600,trail,5.5815,-0.8235,10.2685,29
1765809000,1765839600,short,89220.893,86402.305,248.958898,89594.3313,1765809900,trail,7.5477,-0.245,10.9753,34
1765881000,1765892700,long,87088.212,86399.462,277.187401,86672.4309,,stop,-1.6565,-1.6565,1.5951,13
1765956600,1765959300,long,86975.84,86480.273,252.143134,86597.6253,,stop,-1.3103,-1.4679,0.2018,3
1765962900,1765967400,short,86301.762,86684.409,246.608361,86671.6745,,stop,-1.0344,-1.3004,0.2713,5
1765974600,1765978200,short,86811.428,87342.603,242.858908,87175.7164,,stop,-1.4581,-1.4764,0.0916,4
1766062800,1766068200,long,87862.396,87783.723,239.190636,87503.61,1766064600,trail,-0.2193,-0.9179,4.407,6
1766154600,1766159100,long,88479.511,87924.896,334.026566,87978.4712,,stop,-1.1069,-1.6018,1.7738,5
1766243700,1766256300,short,88069.874,88277.182,128.554924,88262.7064,,stop,-1.0751,-1.5475,0.0859,14
1766305800,1766322000,long,88578.937,88299.266,116.6337,88403.9864,1766309400,trail,-1.5986,-1.9987,2.6757,18
1766449800,1766457000,long,88703.462,88228.305,256.023763,88319.4264,,stop,-1.2373,-1.2398,0.3932,8
1766457000,1766505600,short,88228.305,87712.103,254.845786,88610.5737,1766467800,trail,1.3504,-0.2919,4.4154,54
1766669400,1766681100,long,87577.987,88049.0,116.795066,87402.7944,1766675700,trail,2.6885,-0.3944,5.6015,13
1766755800,1766759400,long,88880.98,88369.65,171.509509,88623.7157,,stop,-1.9876,-2.5497,0.5389,4
1766759400,1766777400,short,88369.65,87428.148,207.289316,88680.584,1766760300,trail,3.028,-0.0658,5.6273,20
1766840400,1766849400,short,87399.694,87551.485,79.209785,87518.5087,,stop,-1.2775,-1.3063,1.0089,10
1766908800,1766938500,long,87762.976,87748.424,70.894641,87656.634,1766916900,trail,-0.1368,-0.8141,2.8069,33
1767081600,1767106800,long,87845.299,88308.482,170.878475,87588.9813,1767090600,trail,1.8071,-0.8995,4.6303,28
1767143700,1767192300,long,88542.664,88446.034,181.656754,88270.1789,1767178800,trail,-0.3546,-1.1015,2.2883,54
1767240000,1767258000,short,87625.839,87822.668,128.884448,87819.1657,,stop,-1.0181,-1.0668,0.5252,20
1767414600,1767432600,short,90028.558,89886.739,165.9156,90277.4314,1767423600,trail,0.5698,-0.5231,3.0646,20
1767560400,1767579300,long,91313.374,92700.547,145.012284,91095.8556,1767571200,trail,6.3773,-0.9516,9.3312,21
1767683700,1767697200,short,93358.485,93742.528,191.208405,93645.2976,,stop,-1.339,-1.4193,0.943,15
1767708900,1767710700,long,94279.95,93801.091,187.014321,93999.4285,,stop,-1.707,-2.8591,0.1193,2
1767776400,1767833100,short,92237.391,91357.164,192.01109,92525.4076,1767777300,trail,3.0562,-0.2762,5.5388,63
1767881700,1767884400,short,89604.549,90270.91,250.410042,89980.1641,,stop,-1.7741,-2.1767,0.8662,3
1767922200,1767924000,short,90911.52,91393.265,255.114268,91294.1914,,stop,-1.2589,-1.3617,0.0189,2
1767948300,1767950100,short,89993.037,90365.925,230.360348,90338.5775,,stop,-1.0791,-1.2661,0.0637,2
1768112100,1768121100,short,90627.544,90753.73,70.905547,90733.9023,,stop,-1.1864,-1.4534,0.654,10
1768132800,1768143600,long,90754.725,90869.908,60.162318,90664.4815,1768134600,trail,1.2764,-0.2098,4.2708,12
1768281300,1768367700,long,92055.347,94995.204,215.218117,91732.5198,1768294800,trail,9.1066,-1.0058,14.126,96
1768400100,1768412700,long,95599.454,96895.856,230.155233,95254.2211,1768401900,trail,3.7552,-0.8369,6.18,14
1768487400,1768489200,short,95766.842,96209.479,288.738365,96199.9495,,stop,-1.022,-1.4144,0.5009,2
1768662900,1768668300,long,95466.602,95265.003,97.870938,95319.7956,,stop,-1.3732,-2.0512,0.649,6
1768719600,1768728600,short,95045.012,95203.571,78.721563,95163.0943,,stop,-1.3428,-1.5568,0.551,10
1768742100,1768743000,short,94925.28,95119.109,80.009592,95045.2944,,stop,-1.615,-1.9154,0.1822,1
1768863600,1768871700,short,92404.363,92819.305,191.283304,92691.288,,stop,-1.4462,-1.5147,0.9902,9
1768980600,1769004000,short,89181.678,89516.595,239.18775,89540.4596,1768995900,trail,-0.9335,-1.3213,2.8182,26
1769088600,1769101200,short,89572.971,89181.095,182.744906,89847.0884,1769093100,trail,1.4296,-0.431,4.0092,14
1769145300,1769177700,short,89601.147,89654.673,172.5294,89859.9411,1769156100,trail,-0.2068,-0.6039,2.9814,36
1769178600,1769183100,short,88922.055,89713.481,234.365253,89273.6029,,stop,-2.2513,-2.6059,1.1082,5
1769267700,1769292000,short,89353.925,89425.727,73.550003,89464.25,1769269500,trail,-0.6508,-0.8193,2.1496,27
1769292000,1769293800,long,89425.727,89256.956,66.862172,89325.4337,,stop,-1.6828,-1.6828,0.1674,2
1769437800,1769441400,long,88111.255,87442.679,244.013876,87745.2342,1769439600,trail,-1.8266,-2.0576,1.9413,4
1769477400,1769501700,long,88604.485,88193.808,239.846063,88244.7159,,stop,-1.1415,-1.1947,1.0336,27
1769524200,1769528700,short,87646.511,88001.714,202.549674,87950.3355,,stop,-1.1691,-1.6853,0.3609,5
1769674500,1769676300,long,88412.074,88026.839,219.374156,88083.0128,,stop,-1.1707,-1.5122,0.1423,2
1769697900,1769705100,short,86976.216,85230.32,233.82047,87326.9467,1769698800,trail,4.9779,-0.0617,7.7891,8
1769779800,1769786100,long,82884.01,82586.456,328.005301,82392.002,1769783400,trail,-0.6048,-0.6384,1.7854,7
1769848200,1769850000,short,82747.824,83115.442,223.286194,83082.7533,,stop,-1.0976,-1.4995,0.2395,2
1769860800,1769886000,short,82807.196,78199.295,210.120128,83122.3762,1769868000,trail,14.6199,-0.772,22.7957,28
1769939100,1769941800,long,78995.947,78335.703,296.868462,78550.6443,,stop,-1.4827,-1.4839,0.4439,3
1769941800,1769968800,short,78335.703,78210.828,319.876808,78815.5182,1769955300,trail,0.2603,-1.0479,3.2985,30
1770042600,1770043500,long,78464.329,77791.838,440.598914,77803.4306,,stop,-1.0175,-1.1321,0.3939,1
1770099300,1770110100,long,78527.313,77920.088,347.583969,78005.937,,stop,-1.1647,-1.1689,0.998,12
1770129900,1770133500,short,77165.926,78095.139,352.093517,77694.0663,,stop,-1.7594,-1.8918,0.2948,4
1770212700,1770213600,short,74841.355,75314.275,309.436108,75305.5092,,stop,-1.0189,-1.0375,0.1545,1
1770290100,1770337800,short,70019.25,62925.139,514.302162,70790.7032,1770303600,trail,9.1958,-1.0718,13.1301,53
1770391800,1770446700,long,68752.966,68723.679,600.685587,67851.9376,1770395400,trail,-0.0325,-0.5024,3.2818,61
1770446700,1770466500,short,68723.679,69290.508,483.909074,69449.5426,1770447600,trail,-0.7809,-1.6778,1.9815,22
1770539400,1770569100,long,70310.478,70392.803,291.263868,69873.5822,1770550200,trail,0.1884,-1.0534,2.7631,33
1770733800,1770736500,short,68207.591,69182.101,373.498958,68767.8394,,stop,-1.7394,-1.9408,0.5792,3
1770768900,1770777900,long,69149.296,68642.223,279.608841,68729.8827,,stop,-1.209,-1.3788,0.2712,10
1770779700,1770817500,short,68246.803,67425.316,274.412263,68658.4214,1770783300,trail,1.9957,-0.6517,4.6201,42
1770869700,1770892200,short,67182.007,67636.499,291.035019,67618.5595,,stop,-1.0411,-1.4609,1.2422,25
1770903900,1770906600,long,68334.393,67596.644,276.583043,67919.5184,,stop,-1.7782,-1.8514,0.11,3
1770972300,1771073100,long,66676.074,69602.858,239.350582,66317.0481,1770983100,trail,8.152,-0.2677,10.6966,112
1771159500,1771193700,short,69292.777,68973.889,257.235239,69678.6299,1771162200,trail,0.8264,-0.755,3.2303,38
1771313400,1771319700,long,68379.998,68002.436,214.608138,68058.0858,,stop,-1.1729,-1.308,0.2036,7
1771402500,1771410600,long,68249.945,67759.051,188.05084,67967.8687,,stop,-1.7403,-1.9241,0.0721,9
1771412400,1771428600,short,67355.235,68071.6,215.373555,67678.2953,,stop,-2.2174,-3.0201,2.0838,18
1771557300,1771587000,long,67383.691,67421.0,172.887489,67124.3598,1771565400,trail,0.1439,-1.1727,3.4607,33
1771763400,1771774200,short,67857.001,67756.528,100.103977,68007.157,1771767000,trail,0.6691,-1.027,3.8515,12
1771944300,1771995600,long,63419.334,65305.422,281.161057,62997.5924,1771946100,trail,4.4721,-0.339,6.7811,57
1772023500,1772049600,long,66039.234,68599.927,222.562622,65705.3901,1772028000,trail,7.6703,-0.1483,10.4265,29
1772092800,1772116200,long,68009.909,67766.081,243.862204,67644.1157,1772099100,trail,-0.6666,-1.01,1.8444,26
1772118000,1772133300,short,67343.425,67544.609,298.664481,67791.4217,1772124300,trail,-0.4491,-1.2081,1.9477,17
1772154000,1772158500,short,66960.013,67371.96,245.886728,67328.8431,,stop,-1.1169,-1.4313,0.084,5
1772163900,1772186400,long,67557.128,66840.209,240.780615,67195.9571,1772180100,trail,-1.985,-2.0304,1.7423,25
1772233200,1772264700,long,65703.224,63791.424,253.277984,65323.307,,stop,-5.0322,-5.049,0.7673,29
1772264700,1772277300,short,63791.424,64204.46,249.556762,64165.7591,,stop,-1.1034,-1.2498,1.2325,14
1772354700,1772373600,short,66535.162,67038.961,297.246618,66981.0319,,stop,-1.1299,-1.789,0.9565,21
1772379900,1772411400,short,66797.794,66528.9,290.099341,67232.943,1772383500,trail,0.6179,-0.6559,4.0876,35
1772461800,1772472600,long,66564.483,68820.828,333.203412,66064.6779,1772462700,trail,4.5144,-0.2201,7.0437,12
1772497800,1772503200,long,69064.57,68565.015,316.374087,68590.0089,,stop,-1.0527,-1.4517,0.3173,6
1772526600,1772539200,short,67313.703,67704.398,267.145209,67714.4208,1772529300,trail,-0.975,-1.558,2.5323,14
1772666100,1772672400,short,72500.449,73085.427,345.873185,73019.2588,,stop,-1.1275,-1.3905,0.4,7
1772672400,1772675100,long,73085.427,72507.186,348.111085,72563.2604,,stop,-1.1074,-1.3675,0.2154,3
1772677800,1772685000,short,72328.746,72893.807,346.656698,72848.731,,stop,-1.0867,-1.1525,0.0445,8
1772705700,1772716500,long,73141.796,72485.982,338.671633,72633.7886,,stop,-1.291,-1.6563,0.7586,12
1772716500,1772960400,short,72485.982,67729.874,320.738686,72967.09,1772721000,trail,9.8857,-0.6618,12.4199,271
1773109800,1773114300,long,70299.406,69390.702,336.376142,69794.8418,,stop,-1.801,-1.8985,0.4975,5
1773126000,1773149400,long,70211.823,69888.692,308.222921,69749.4886,1773129600,trail,-0.6989,-1.1453,2.2837,26
1773149400,1773153000,short,69888.692,70412.39,306.471067,70348.3986,,stop,-1.1392,-1.2048,1.3944,4
1773307800,1773323100,long,70253.396,69931.979,226.96669,69912.946,1773315000,trail,-0.9441,-1.7896,1.4665,17
1773390600,1773412200,long,71921.068,72888.723,240.316484,71560.5933,1773396900,trail,2.6844,-1.0305,5.4,24
1773448200,1773457200,short,70533.047,70959.035,240.795136,70894.2397,,stop,-1.1794,-1.2129,0.2284,10
1773738000,1773769500,short,74001.889,74480.253,285.587467,74430.2702,,stop,-1.1167,-1.9947,1.4653,35
1773833400,1773856800,short,73059.777,71845.428,247.245801,73430.6457,1773837000,trail,3.2743,-0.1156,6.0198,26
1773974700,1773998100,long,70375.532,70470.729,234.388772,70023.9488,1773979200,trail,0.2708,-0.5743,2.7233,26
1773998100,1774041300,short,70470.729,70470.989,239.69245,70830.2677,1774014300,trail,-0.0007,-0.8099,3.0972,48
1774052100,1774111500,long,70610.56,70274.452,229.248656,70266.687,1774101600,trail,-0.9774,-1.1512,1.3423,66
1774124100,1774131300,long,70425.836,70256.312,112.260416,70257.4454,,stop,-1.0067,-1.1557,0.3369,8
1774136700,1774145700,short,68880.534,69300.821,208.614853,69193.4563,,stop,-1.3431,-1.5893,2.1779,10
1774315800,1774335600,short,70358.743,70795.025,278.368586,70776.2959,,stop,-1.0449,-1.2547,0.6517,22
1774357200,1774378800,short,70790.335,69608.613,226.402665,71129.939,1774359000,trail,3.4797,-0.1188,5.6015,24
1774414800,1774425600,long,71196.591,70770.605,228.259214,70854.2022,,stop,-1.2442,-1.2903,0.1018,12
1774427400,1774450800,long,71436.308,70797.383,225.00385,71098.8022,1774437300,trail,-1.8931,-2.1288,1.649,26
1774486800,1774555200,short,71231.456,69174.263,211.640028,71548.916,1774491300,trail,6.4802,-0.3458,9.7925,76
1774584000,1774587600,short,68367.898,68774.012,201.440065,68670.0581,,stop,-1.344,-1.3843,0.0576,4
1774598400,1774625400,short,68431.215,66371.064,195.937193,68725.1208,1774600200,trail,7.0096,-0.1406,9.3508,30
1774704600,1774734300,long,66905.287,66649.052,148.300845,66682.8357,,stop,-1.1519,-1.5549,1.6027,33
1774782000,1774793700,long,66745.426,66501.628,137.503813,66539.1703,,stop,-1.182,-1.5301,0.9161,13
1774917000,1774940400,long,66909.942,67267.462,212.670664,66590.936,1774919700,trail,1.1207,0.0,4.5522,26
1774944900,1774959300,short,67280.76,66771.652,208.147494,67592.9812,1774945800,trail,1.6306,-0.0038,4.2444,16
1775012400,1775047500,long,67949.539,68349.948,247.633833,67578.0883,1775019600,trail,1.078,-0.1929,3.4988,39
1775050200,1775052900,short,68084.082,68485.749,265.316817,68482.0572,,stop,-1.0093,-1.0093,0.4484,3
1775092500,1775140200,short,67567.56,67012.217,302.981068,68022.0316,1775095200,trail,1.222,0.0,4.1417,53
1775183400,1775185200,short,66308.716,66621.174,193.330854,66598.7123,,stop,-1.0775,-1.1231,0.0944,2
1775296800,1775298600,short,66881.969,67008.799,62.0802,66975.0893,,stop,-1.362,-1.6827,0.001,2
1775298600,1775327400,long,67008.799,67256.71,66.351927,66909.2711,1775299500,trail,2.4909,-0.0812,4.921,32
1775536200,1775541600,long,68822.039,68490.186,198.089241,68524.9051,,stop,-1.1168,-1.2165,0.446,6
1775558700,1775566800,short,68196.605,68600.05,204.815872,68503.8288,,stop,-1.3132,-1.3543,0.5293,9
1775653200,1775655000,long,72577.156,71652.538,232.996129,72227.6618,,stop,-2.6456,-2.7063,0.7034,2
1775727900,1775732400,long,71488.537,71159.776,184.08722,71212.4062,,stop,-1.1906,-1.2243,0.0377,5
1775741400,1775746800,short,70850.082,71310.339,184.251799,71126.4597,,stop,-1.6653,-1.712,1.2948,6
1775807100,1775813400,short,71461.375,71773.908,181.799591,71734.0744,,stop,-1.1461,-1.3927,0.2442,7
1775912400,1775922300,short,72560.451,72817.501,116.727012,72735.5415,,stop,-1.4681,-1.7435,0.1525,11
1775990700,1776015900,short,71416.069,71097.63,119.610839,71595.4853,1775997900,trail,1.7749,-0.5218,4.6716,28
1776025800,1776031200,long,71284.552,70923.547,139.299673,71075.6025,,stop,-1.7277,-2.9562,0.5975,6
1776084300,1776094200,long,71042.812,71797.558,153.665751,70812.3134,1776087900,trail,3.2744,-1.1318,5.9939,11
1776162600,1776173400,short,74321.505,75140.645,177.175665,74587.2685,,stop,-3.0822,-3.2961,0.3188,12
1776173400,1776177900,long,75140.645,74983.244,204.273624,74834.2346,1776174300,trail,-0.5137,-0.5155,2.811,5
1776237300,1776240900,short,73676.566,73954.519,182.543904,73950.3819,,stop,-1.0151,-1.0293,0.6704,4
1776248100,1776253500,short,73865.305,74155.106,178.521406,74133.0871,,stop,-1.0822,-1.3311,0.4312,6
1776347100,1776351600,short,73760.147,74271.556,274.684606,74172.1739,,stop,-1.2412,-1.585,0.899,5
1776415500,1776420000,long,75741.56,75591.449,189.062403,75457.9664,1776417300,trail,-0.5293,-0.9305,2.1076,5
1776760200,1776774600,long,76410.997,75778.94,192.890135,76121.6618,1776768300,trail,-2.1845,-2.5978,1.5395,16
1776865500,1776888900,long,78798.14,78545.599,211.847457,78480.3688,1776871800,trail,-0.7947,-1.1653,1.9816,26
1776899700,1776924900,short,78293.848,78234.852,205.242863,78601.7123,1776902400,trail,0.1916,-0.7741,2.7262,28
1776933000,1776948300,short,77703.456,77827.144,194.78986,77995.6408,1776938400,trail,-0.4233,-0.5452,1.9794,17
1776948300,1776951000,long,77827.144,77495.175,201.014296,77525.6226,,stop,-1.101,-1.1523,0.1505,3
1776992400,1777028400,short,78109.336,78180.786,210.200081,78424.6361,1777000500,trail,-0.2266,-1.2723,2.3562,40
1777028400,1777039200,long,78180.786,77833.003,201.806204,77878.0767,,stop,-1.1489,-1.4191,0.7936,12
1777039200,1777179600,short,77833.003,78095.333,213.286202,78152.9323,1777053600,trail,-0.82,-1.0977,2.2741,156
1777342500,1777405500,short,76964.781,76296.295,166.204432,77214.0876,1777343400,trail,2.6814,-0.5843,5.3235,70
1777427100,1777464000,long,76534.93,77343.78,149.174693,76311.168,1777432500,trail,3.6148,-0.8059,5.9296,41
1777555800,1777559400,long,76592.046,76299.193,188.463795,76309.3503,,stop,-1.0359,-1.9111,0.1083,4
1777581000,1777585500,long,76472.98,76202.833,159.929542,76233.0857,,stop,-1.1261,-1.1525,0.2497,5
1777605300,1777645800,long,77145.007,78156.071,176.151455,76880.7798,1777635900,trail,3.8265,-1.1781,6.5606,45
1777696200,1777731300,short,78185.044,78386.506,133.476261,78385.2584,,stop,-1.0062,-1.3493,0.9556,39
1777734000,1777769100,long,78396.956,78499.909,91.977988,78258.989,1777757400,trail,0.7462,-0.8705,5.2787,39
1777839300,1777843800,long,78884.699,78652.389,107.882784,78722.8748,,stop,-1.4356,-1.6156,2.311,5
1777951800,1778022900,long,80873.829,80839.833,227.231173,80532.9822,1777984200,trail,-0.0997,-1.1541,2.5246,79
1778148900,1778151600,short,80573.751,80903.013,190.319588,80859.2304,,stop,-1.1534,-1.5183,0.0349,3
1778202000,1778229000,short,79657.605,79842.799,176.494641,79922.347,1778223600,trail,-0.6995,-0.7263,1.8967,30
1778236200,1778245200,long,80111.0,79645.012,157.829951,79874.2551,,stop,-1.9683,-2.091,1.4244,10
1778383800,1778393700,long,80766.779,80618.918,98.01928,80619.7501,,stop,-1.0057,-1.0058,0.2914,11
1778407200,1778409900,short,80681.407,80837.432,81.47968,80803.6265,,stop,-1.2766,-1.3625,0.326,3
1778425200,1778443200,long,81001.741,81150.763,97.347712,80855.7194,1778427900,trail,1.0205,-0.6045,3.7726,20
1778547600,1778608800,short,81356.662,80510.48,179.555942,81625.9959,1778549400,trail,3.1418,-0.2868,5.74,68
1778632200,1778669100,long,80709.084,80766.089,150.918159,80482.7068,1778634900,trail,0.2518,-0.6375,2.4785,41
1778754600,1778762700,short,79417.096,79715.555,167.31134,79668.063,,stop,-1.1892,-1.2434,0.9138,9
1778851800,1778868000,short,79117.76,79445.994,236.963378,79473.2051,1778852700,trail,-0.9234,-1.1665,1.4034,18
1778913900,1778931000,short,78610.437,78131.408,121.548483,78792.7597,1778914800,trail,2.6274,-0.0017,5.502,19
1778978700,1778991300,short,77908.685,78053.657,106.651081,78068.6616,1778982300,trail,-0.9062,-1.2581,1.4032,14
1779012000,1779022800,long,78401.745,78219.829,105.68749,78243.2138,,stop,-1.1475,-1.1477,0.9777,12
1779149700,1779153300,long,77178.068,76735.05,197.095395,76882.4249,,stop,-1.4985,-1.6962,0.3299,4
1779153300,1779172200,short,76735.05,77042.132,203.675874,77040.5638,,stop,-1.0051,-1.0976,0.9225,21
1779182100,1779187500,short,76733.944,77004.027,178.493792,77001.6847,,stop,-1.0087,-1.2369,0.2536,6
1779187500,1779190200,long,77004.027,76625.904,184.815789,76726.8033,,stop,-1.364,-1.4686,0.129,3
1779200100,1779209100,short,76423.488,76858.301,227.735855,76765.0918,,stop,-1.2729,-1.3597,0.9223,10
1779253200,1779283800,long,77199.85,77054.351,163.514838,76954.5777,1779265800,trail,-0.5932,-1.1116,2.0908,34
1779283800,1779286500,short,77054.351,77374.116,152.944889,77283.7683,,stop,-1.3938,-2.1162,0.8653,3
1779339600,1779350400,short,77873.6,78099.95,143.548908,78088.9234,1779345000,trail,-1.0512,-1.3833,1.8004,12
1779439500,1779451200,short,77237.591,77493.387,132.231836,77435.9388,,stop,-1.2896,-1.4529,0.5009,13
1779458400,1779541200,short,77032.646,74898.66,144.704701,77249.7031,1779460200,trail,9.8315,-0.1977,12.9213,92
1779543900,1779570900,long,75182.142,76739.498,132.80614,74982.9328,1779546600,trail,7.8177,-0.5901,11.0276,30
1779601500,1779630300,long,76780.227,76762.894,133.851269,76579.4501,1779615900,trail,-0.0863,-0.6479,3.6285,32
1779657300,1779660000,short,76493.838,76945.389,137.763939,76700.4839,1779658200,trail,-2.1851,-2.3703,2.0684,3
1779704100,1779790500,short,77506.305,77199.452,140.184431,77716.5816,1779714000,trail,1.4593,-1.7113,5.1006,96
1779886800,1779912000,short,75414.65,75279.91,178.710368,75682.7156,1779888600,trail,0.5026,-0.2656,2.8951,28
1779975000,1779976800,short,72755.296,73289.018,193.636963,73045.7514,,stop,-1.8375,-1.8751,0.6242,2
1780003800,1780006500,long,73888.792,73584.011,195.345911,73595.7731,,stop,-1.0401,-1.0785,0.1219,3
1780022700,1780029900,short,73201.507,73466.715,174.073198,73462.6168,,stop,-1.0157,-1.0556,0.1143,8
1780064100,1780065900,short,72700.483,73067.102,207.679245,73012.0019,,stop,-1.1769,-1.5602,0.5162,2
1780149600,1780180200,long,73907.86,73779.611,84.292211,73781.4217,1780165800,trail,-1.0143,-1.1958,1.5178,34
1780230600,1780236000,long,73950.366,73669.686,87.039747,73819.8064,,stop,-2.1498,-2.3303,0.3636,6
1780479900,1780498800,long,67040.946,66502.032,302.716293,66586.8716,,stop,-1.1868,-1.2584,0.8792,21
1780500600,1780540200,short,66281.537,63371.549,306.090514,66740.6728,1780503300,trail,6.338,-0.1579,10.7449,44
1780794900,1780798500,long,61608.039,61226.166,227.871914,61266.2311,,stop,-1.1172,-1.3399,0.0456,4
1780960500,1780982100,short,63120.95,63285.216,250.655054,63496.9326,1780964100,trail,-0.4369,-0.7428,1.9596,24
1781013600,1781025300,short,61986.56,61720.402,228.244019,62328.926,1781014500,trail,0.7774,-0.1896,3.5725,13
1781074800,1781080200,long,61539.813,61207.298,195.381566,61246.7407,,stop,-1.1346,-1.1361,0.766,6
1781080200,1781094600,short,61207.298,61660.219,206.748225,61517.4203,,stop,-1.4605,-2.292,1.6322,16
1781222400,1781226900,long,63710.743,63330.056,188.504596,63427.9861,,stop,-1.3463,-1.5509,0.0286,5
1781226900,1781229600,short,63330.056,63638.671,187.653586,63611.5364,,stop,-1.0964,-1.5169,0.1682,3
1781229600,1781243100,long,63638.671,63323.072,188.51462,63355.8991,,stop,-1.1161,-1.3093,0.7154,15
1781245800,1781251200,short,62895.199,63266.206,177.9879,63162.1809,,stop,-1.3896,-1.5884,0.0027,6
1781251200,1781271000,long,63266.206,63111.231,172.134258,63008.0046,1781254800,trail,-0.6002,-0.9434,2.5677,22
1781271000,1781272800,short,63111.231,63417.678,186.858856,63391.5193,,stop,-1.0933,-1.4663,0.1414,2
1781418600,1781423100,short,64214.619,64392.224,95.899528,64358.4683,,stop,-1.2347,-1.3798,0.1611,5
1781428500,1781429400,short,64322.341,64521.134,88.511338,64455.108,,stop,-1.4973,-1.8271,0.1034,1
1781561700,1781590500,short,66131.185,66306.336,177.011994,66396.703,1781576100,trail,-0.6597,-1.1101,1.9317,32
1781590500,1781614800,long,66306.336,66175.625,168.894787,66052.9938,1781598600,trail,-0.5159,-1.3111,2.5674,27
1781614800,1781703000,short,66175.625,65247.832,200.840879,66476.8863,1781619300,trail,3.0797,-0.2131,5.462,98
1781766900,1781776800,long,64268.015,63985.94,179.491543,63998.7777,1781770500,trail,-1.0477,-1.133,1.2837,11
1781789400,1781811000,short,63850.458,62943.263,187.048123,64131.0302,1781794800,trail,3.2334,-1.1593,5.7376,24
1781839800,1781875800,short,62670.166,63066.911,185.947908,62949.0879,1781860500,trail,-1.4224,-1.4447,1.4174,40
1781961300,1781966700,short,63316.09,63930.09,123.311488,63501.0572,,stop,-3.3195,-4.2603,0.8051,6
1781991000,1782026100,long,63998.799,64147.513,116.292507,63824.3602,1781993700,trail,0.8525,-0.3016,3.1615,39
1782030600,1782034200,short,63961.29,64115.135,92.065366,64099.388,,stop,-1.114,-1.9072,0.4837,4
1782166500,1782223200,short,63998.8,62683.03,186.086079,64277.9291,1782189900,trail,4.7138,-0.8694,7.5619,63
1782274500,1782278100,short,62564.744,62849.593,160.207748,62805.0556,,stop,-1.1853,-1.2413,0.0191,4
1782279000,1782285300,long,62900.943,62640.522,160.355377,62660.4099,,stop,-1.0827,-1.0827,0.1415,7
1782467100,1782481500,short,59714.011,60142.423,255.403632,60097.1164,1782470700,trail,-1.1183,-1.2157,3.2202,16
1782572400,1782579600,long,60851.291,60545.891,128.060587,60659.2001,,stop,-1.5899,-2.4013,0.3823,8
1782622800,1782631800,short,59990.447,60193.996,113.423637,60160.5825,1782623700,trail,-1.1964,-1.2999,1.4576,10
1782823500,1782827100,short,58369.624,58711.137,171.336984,58626.6295,,stop,-1.3288,-1.5199,0.6351,4
1782864900,1782869400,short,58360.601,58873.703,159.89939,58600.4501,,stop,-2.1393,-2.5612,2.4478,5
1782911700,1782946800,long,58790.308,60218.321,182.718261,58516.2306,1782913500,trail,5.2103,-0.7954,9.1822,39
1782984600,1783002600,long,61072.537,61404.349,204.547245,60765.7161,1782996300,trail,1.0815,-0.7513,3.6056,20
1783074600,1783087200,long,61981.48,61735.566,152.296248,61753.0356,,stop,-1.0765,-1.3235,1.1974,14
1783108800,1783206000,long,62406.345,62961.89,148.736889,62183.2397,1783110600,trail,2.4901,-0.4447,4.6378,108
1783268100,1783277100,short,62597.149,62787.427,113.61868,62767.577,,stop,-1.1165,-1.4763,0.1366,10
1783287000,1783295100,long,63002.494,63623.114,109.939212,62837.5852,1783288800,trail,3.7634,-0.5346,5.9258,9
1783492200,1783494900,short,62513.549,62781.602,175.714952,62777.1214,,stop,-1.017,-1.1012,0.0698,3
1783498500,1783530900,short,62052.959,62279.392,211.462653,62370.153,1783522800,trail,-0.7139,-1.074,1.6594,36
1783558800,1783560600,long,62376.862,62084.748,178.611152,62108.9453,,stop,-1.0903,-1.298,0.5448,2
1783600200,1783603800,short,62580.239,62927.889,190.254771,62865.6212,,stop,-1.2182,-1.2182,0.5167,4
1783647900,1783694700,long,63727.844,63893.497,192.816797,63438.6188,1783657800,trail,0.5727,-0.2269,3.2857,52
1783867500,1783879200,long,64175.395,64009.166,94.147772,64034.1733,,stop,-1.1771,-1.3219,0.4448,13
1783893600,1783900800,short,63756.071,64269.473,95.903485,63899.9262,,stop,-3.5689,-3.5735,0.8484,8
1784032200,1784081700,long,63522.693,64500.159,167.103196,63272.0382,1784033100,trail,3.8997,0.0,6.3031,55
1784109600,1784133000,long,64770.363,64905.859,142.693371,64556.3229,1784119500,trail,0.633,-0.9189,3.6718,26
1784160900,1784178000,short,64537.05,64750.332,134.487532,64738.7813,,stop,-1.0573,-1.3356,0.8666,19
1784186100,1784209500,short,64468.95,64350.373,129.860104,64663.7402,1784187000,trail,0.6087,-0.0359,3.2645,26
1784293200,1784295900,short,62784.817,63129.406,139.135287,62993.5199,1784295000,trail,-1.6511,-1.7748,1.3306,3
1784378700,1784379600,long,64181.408,63981.618,53.303479,64101.4528,,stop,-2.4988,-2.7834,0.0398,1
1784612700,1784653200,long,65724.811,66435.594,148.790595,65501.6251,1784619000,trail,3.1847,-0.5373,5.3682,45
1784689200,1784694600,short,66145.829,66387.506,129.3719,66339.8868,,stop,-1.2454,-1.2929,0.0,6
1784697300,1784733300,short,66050.05,66044.151,133.367877,66250.1018,1784700900,trail,0.0295,-0.5679,2.6175,40
1784790000,1784797200,short,65422.868,65643.554,130.990272,65619.3534,,stop,-1.1232,-1.4627,0.4379,8
1784809800,1784836800,short,65083.25,65027.759,118.645054,65261.2176,1784814300,trail,0.3118,-0.8524,2.4775,30
1784873700,1784878200,long,65425.15,65348.35,117.237075,65249.2944,1784876400,trail,-0.4367,-0.4957,2.0138,5
1784893500,1784897100,long,65046.128,64746.503,133.61231,64845.7095,,stop,-1.495,-1.5886,0.3025,4
1785024000,1785045600,long,64405.531,64323.697,55.745034,64321.9134,1785033900,trail,-0.9787,-1.0244,1.9202,24
1785069900,1785072600,short,64434.111,64534.399,57.949565,64521.0353,,stop,-1.1537,-1.1537,0.6259,3
1785244500,1785249900,short,63282.537,63383.818,132.825008,63481.7745,1785245400,trail,-0.5083,-1.1734,2.8349,6
1785279600,1785281400,short,63599.789,63813.611,131.878015,63797.606,,stop,-1.0809,-1.1362,0.3728,2
1785317400,1785327300,long,64572.405,64304.898,137.637215,64365.9492,,stop,-1.2957,-1.5906,0.6732,11
1785332700,1785333600,long,64630.596,64230.872,163.771198,64384.9392,,stop,-1.6272,-1.739,0.2085,1
1785399300,1785462300,long,64239.08,64535.138,148.069468,64016.9758,1785402900,trail,1.333,-0.1532,5.1609,70
1785504600,1785518100,short,63432.491,62958.91,124.328858,63618.9843,1785506400,trail,2.5394,-0.3801,5.2841,15
1785604500,1785609900,short,62809.212,62552.455,56.045131,62893.2797,1785606300,trail,3.0542,-0.127,6.7257,6
1785688200,1785710700,long,63198.731,63398.02,82.390591,63075.1451,1785695400,trail,1.6126,-0.5572,4.6949,25
1785846600,1785851100,long,63934.961,63663.212,122.995312,63750.468,,stop,-1.473,-1.6768,0.7738,5
1785932100,1785933900,long,64503.752,64295.538,124.018773,64317.7238,,stop,-1.1193,-1.1193,0.1159,2
1785971700,1785978900,long,64667.767,64488.988,117.272629,64491.8581,,stop,-1.0163,-1.0318,0.1602,8
1785992400,1786007700,long,64885.788,64699.896,108.500426,64723.0374,,stop,-1.1422,-1.1794,0.5232,17
1786007700,1786026600,short,64699.896,64781.834,106.303695,64859.3515,1786017600,trail,-0.5139,-0.6912,3.4915,21
